{"0": 0.6140323058589474, "1": 0.5965971055921617, "2": 0.5837753703306009, "3": 0.5684257162796272, "4": 0.5738990758801554, "5": 0.5640151828199953, "6": 0.5513547560670874, "7": 0.5709883659095555, "8": 0.5671389332184424, "9": 0.5561051093615018, "10": 0.5629494760062669, "11": 0.5479492099730523, "12": 0.5630768734020192, "13": 0.574222668841645, "14": 0.5459483239676927, "15": 0.5502392433501861, "16": 0.551713826237144, "17": 0.5629393756389618, "18": 0.5458364899341877, "19": 0.5281375567991655, "20": 0.5523511400589576, "21": 0.5439901535327618, "22": 0.5440744521853688, "23": 0.5382210730196355, "24": 0.5434245702984569, "25": 0.5501329433787, "26": 0.5369107572586982, "27": 0.5574482600767534, "28": 0.5384200156390012, "29": 0.5481880136898586, "30": 0.5445442409305782, "31": 0.5389714241027832, "32": 0.5323040645856124, "33": 0.5451869755000859, "34": 0.5411901709797619, "35": 0.5564866609625764, "36": 0.5542782852937888, "37": 0.5672772231992784, "38": 0.5390361259271811, "39": 0.5537173623567099, "40": 0.5380086898803711, "41": 0.5443335339263246, "42": 0.5556122778536199, "43": 0.5528577756095718, "44": 0.5497445071136559, "45": 0.5482654329184647, "46": 0.5453474993234152, "47": 0.5522458317515614, "48": 0.5553578390524938, "49": 0.5594379679187313, "50": 0.5577827128735218, "51": 0.5512419434694144, "52": 0.54986530149376, "53": 0.5489203019456549, "54": 0.5466541549661658, "55": 0.5508450721646403, "56": 0.5412695185168759, "57": 0.5478979745408991, "58": 0.5539381143810985, "59": 0.5532034864792457, "60": 0.565110974914425, "61": 0.5470755188674717, "62": 0.5598639741048708, "63": 0.5546013752182761, "64": 0.54483081809767, "65": 0.5692116513357057, "66": 0.5723420885893015, "67": 0.5775678236405928, "68": 0.563409679538601, "69": 0.5493944444499173, "70": 0.557413025871738, "71": 0.569894165128142, "72": 0.5581850481557322, "73": 0.5414862750650762, "74": 0.5686362922846616, "75": 0.5668823273627313, "76": 0.5513901363362322, "77": 0.5608302675760709, "78": 0.5537699873630817, "79": 0.5567187385244684, "80": 0.5566057078130953, "81": 0.5676547491943443, "82": 0.5604573422735863, "83": 0.559062659740448, "84": 0.5688683986663818, "85": 0.5825065387474312, "86": 0.5811133777702248, "87": 0.5757411869017632, "88": 0.5700133888276069, "89": 0.5847995556317843, "90": 0.5821048669762664, "91": 0.5763035449352893, "92": 0.5726702390136299, "93": 0.5799695885443426, "94": 0.5848271715772021, "95": 0.5794280210694114, "96": 0.5819731446412894, "97": 0.5676265044526739, "98": 0.573039975140121, "99": 0.5662580440332602, "100": 0.5533439582520789, "101": 0.5729222631716466, "102": 0.583301692873567, "103": 0.5687398281726208, "104": 0.5828182120899578, "105": 0.5679592123398414, "106": 0.5623567425287687, "107": 0.5674780954371442, "108": 0.5661710546566889, "109": 0.5625786296613924, "110": 0.5583145638088604, "111": 0.5467409894361601, "112": 0.5498827073600266, "113": 0.5766324767699609, "114": 0.5569865159936004, "115": 0.5839189801897321, "116": 0.5646399842513786, "117": 0.5878745992105086, "118": 0.5699257582098574, "119": 0.5563361494095771, "120": 0.5689172305903591, "121": 0.5598711761144491, "122": 0.5592691960570576, "123": 0.5704412971224103, "124": 0.564443018410232, "125": 0.5909698736536634, "126": 0.5775383553662143, "127": 0.5747621996062142, "128": 0.55978447166118, "129": 0.5739275197406392, "130": 0.5777888776181819, "131": 0.5696149717320452, "132": 0.575819255231501, "133": 0.5744643551962716, "134": 0.5758134290412232, "135": 0.5906873620473422, "136": 0.5822140319006783, "137": 0.5809158722122947, "138": 0.5804743930533692, "139": 0.5882168333609026, "140": 0.5869249544300876, "141": 0.5781178533375918, "142": 0.5835298411138765, "143": 0.5857289564478528, "144": 0.5940196848177648, "145": 0.5832612999192961, "146": 0.5937165405069079, "147": 0.5936399986455728, "148": 0.5855371663858603, "149": 0.582397692151122, "150": 0.572768298479227, "151": 0.5808220545014182, "152": 0.589121931201809, "153": 0.5731220500809806, "154": 0.5888897763503776, "155": 0.5830604473313132, "156": 0.5980925415898417, "157": 0.5928721264168456, "158": 0.5888989371257823, "159": 0.5773354094107073, "160": 0.5752116657875397, "161": 0.5633514385956985, "162": 0.5649233787924379, "163": 0.5821426117813194, "164": 0.571586073754908, "165": 0.5923075833163418}