{"0": 0.6098901092351138, "1": 0.6002747252747253, "2": 0.6304945054945055, "3": 0.6469780226330181, "4": 0.6250000006549961, "5": 0.6195054938504984, "6": 0.618131867476872, "7": 0.620879121534117, "8": 0.6153846153846154, "9": 0.6085164838439816, "10": 0.629120878465883, "11": 0.618131867476872, "12": 0.6126373619823665, "13": 0.6002747252747253, "14": 0.6250000006549961, "15": 0.6085164831889854, "16": 0.6222527472527473, "17": 0.620879121534117, "18": 0.6222527472527473, "19": 0.620879121534117, "20": 0.6222527472527473, "21": 0.629120878465883, "22": 0.6057692310967289, "23": 0.6387362634087657, "24": 0.6373626380176335, "25": 0.6195054938504984, "26": 0.6263736257186303, "27": 0.6098901098901099, "28": 0.6277472530747508, "29": 0.629120878465883, "30": 0.6181318681318682, "31": 0.6304945048395094, "32": 0.6181318681318682, "33": 0.6167582414307438, "34": 0.625, "35": 0.6318681318681318, "36": 0.6126373626373627, "37": 0.6167582417582418, "38": 0.6236263742813697, "39": 0.6126373632923587, "40": 0.6236263742813697, "41": 0.6085164828614874, "42": 0.6346153852703807, "43": 0.620879121534117, "44": 0.6222527472527473, "45": 0.6071428571428571, "46": 0.6222527465977512, "47": 0.6126373629648607, "48": 0.6373626367076413, "49": 0.5975274728549705, "50": 0.6085164828614874, "51": 0.6140109896659851, "52": 0.6153846147296193, "53": 0.6167582417582418, "54": 0.620879121534117, "55": 0.6208791205516229, "56": 0.6222527469252492, "57": 0.6167582417582418, "58": 0.6373626367076413, "59": 0.6195054945054945, "60": 0.5975274725274725, "61": 0.6263736257186303, "62": 0.6236263739538717, "63": 0.6181318681318682, "64": 0.6442307698857653, "65": 0.6112637369187324, "66": 0.6277472527472527, "67": 0.6112637362637363, "68": 0.6140109893384871, "69": 0.6291208791208791, "70": 0.6263736267011244, "71": 0.6140109883559929, "72": 0.6291208797758752, "73": 0.6332417582417582, "74": 0.6208791202241248, "75": 0.6304945048395094, "76": 0.620879121534117, "77": 0.6346153852703807, "78": 0.6346153849428826, "79": 0.6208791202241248, "80": 0.618131867476872, "81": 0.6126373619823665, "82": 0.6346153839603885, "83": 0.6263736267011244, "84": 0.6222527465977512, "85": 0.6208791202241248, "86": 0.6016483519758496, "87": 0.6085164838439816, "88": 0.6195054951604906, "89": 0.6236263736263736, "90": 0.6043956043956044, "91": 0.6208791208791209, "92": 0.6236263732988756, "93": 0.6208791208791209, "94": 0.618131867476872, "95": 0.6098901092351138, "96": 0.6195054945054945, "97": 0.6304945061495016, "98": 0.6098901098901099, "99": 0.6291208797758752, "100": 0.6373626373626373, "101": 0.631868132523128, "102": 0.6263736260461283, "103": 0.6181318687868642, "104": 0.6208791208791209, "105": 0.614010989010989, "106": 0.6414835164835165, "107": 0.6195054938504984, "108": 0.6153846153846154, "109": 0.6277472534022488, "110": 0.6195054938504984, "111": 0.6359890103340149, "112": 0.631868132523128, "113": 0.6112637362637363, "114": 0.6250000006549961, "115": 0.6140109883559929, "116": 0.631868132523128, "117": 0.6085164828614874, "118": 0.6277472534022488, "119": 0.6332417575867622, "120": 0.6126373626373627, "121": 0.6332417575867622, "122": 0.635989010989011, "123": 0.6208791208791209, "124": 0.6222527472527473, "125": 0.6098901095626118, "126": 0.609890110545106, "127": 0.6291208791208791, "128": 0.6167582417582418, "129": 0.625000000327498, "130": 0.6181318681318682, "131": 0.6167582417582418, "132": 0.6236263736263736, "133": 0.6456043962593917, "134": 0.6208791212066189, "135": 0.6208791205516229, "136": 0.6236263736263736, "137": 0.614010989010989, "138": 0.6085164835164835, "139": 0.6236263736263736, "140": 0.6195054945054945, "141": 0.6112637369187324, "142": 0.6153846153846154, "143": 0.5975274725274725, "144": 0.6085164828614874, "145": 0.6126373632923587, "146": 0.6140109883559929, "147": 0.6057692314242269, "148": 0.5906593409868387, "149": 0.6277472534022488, "150": 0.6181318681318682, "151": 0.6195054951604906, "152": 0.6140109883559929, "153": 0.6140109896659851, "154": 0.6085164835164835, "155": 0.6346153839603885, "156": 0.5920329673604651, "157": 0.6140109883559929, "158": 0.5975274721999745, "159": 0.6071428577978533, "160": 0.631868132523128, "161": 0.6332417582417582, "162": 0.6126373632923587, "163": 0.6167582411032456, "164": 0.6304945048395094, "165": 0.6085164835164835}