{"0": 1.4902960826189091, "1": 1.3238606575207832, "2": 1.4798340797424316, "3": 1.69234242500403, "4": 1.5231238359060042, "5": 1.639057070781023, "6": 1.8636012169030995, "7": 1.5203582843144734, "8": 1.7428282377047417, "9": 1.77139762426034, "10": 1.707588819357065, "11": 1.8445859658412445, "12": 1.7303271324206622, "13": 1.681381839972276, "14": 1.9379780720441768, "15": 1.8848817562445617, "16": 1.7875803861862574, "17": 1.789763630964817, "18": 2.0155316713528757, "19": 2.1199810046416063, "20": 1.7789936921535394, "21": 1.9993601151001759, "22": 1.9655557993130806, "23": 2.0760076137689443, "24": 1.8987334538728764, "25": 2.285132713806935, "26": 2.1813811461130777, "27": 1.9601041323099382, "28": 2.227882519746438, "29": 2.27403745895777, "30": 2.2203786128606553, "31": 2.4580267331539054, "32": 2.4952367085676928, "33": 2.0842107962339353, "34": 2.3797361239408836, "35": 1.9416170120239258, "36": 1.8618111793811505, "37": 1.6402502396167853, "38": 2.123608717551598, "39": 1.9475922951331506, "40": 2.052156836558611, "41": 2.2786925511482434, "42": 1.8691256443659465, "43": 2.0763483414283166, "44": 1.927402172333155, "45": 1.9427893681403918, "46": 2.053479109054957, "47": 1.9386457632749508, "48": 1.6411800629053361, "49": 1.7745078985507672, "50": 1.7807085055571337, "51": 1.8790432948332567, "52": 2.050117251200554, "53": 2.008885832933279, "54": 1.9292943416497645, "55": 2.007118115058312, "56": 2.1682506188368187, "57": 1.9406556471800194, "58": 1.8196048919971173, "59": 1.9762500371688452, "60": 1.7773937965050721, "61": 2.069668870705825, "62": 2.130975992251665, "63": 2.124033768971761, "64": 2.2517716517815223, "65": 1.7287603952945807, "66": 1.4829999483548677, "67": 1.4611697288659902, "68": 1.8671021064122517, "69": 2.381768293869801, "70": 2.0058385592240553, "71": 1.8537991169171455, "72": 1.7748129948591576, "73": 2.229448465200571, "74": 1.8340861552800887, "75": 1.5722526495273297, "76": 2.123224680240338, "77": 1.9981383146383824, "78": 1.9664873220981696, "79": 2.1785035928090415, "80": 2.0900706389011483, "81": 1.7955923172143788, "82": 1.958620765270331, "83": 1.8895188508889613, "84": 2.0952683901175475, "85": 1.293232248379634, "86": 1.703042323772724, "87": 1.5759044549404047, "88": 1.702591672921792, "89": 1.4004290103912354, "90": 1.4918402677927263, "91": 1.530036143767528, "92": 1.6114069743034167, "93": 1.5319158358451648, "94": 1.324947714805603, "95": 1.4536736867366693, "96": 1.3183792982345972, "97": 1.7178286130611713, "98": 1.6718754401573768, "99": 1.787239209199563, "100": 1.827427903811137, "101": 1.4969245195388794, "102": 1.4964374426083686, "103": 1.9124032748051178, "104": 1.3554198054166942, "105": 1.8166727683483026, "106": 1.6067701150209477, "107": 1.6726717490416307, "108": 1.623343819226974, "109": 1.5949980570719793, "110": 1.9025178475257678, "111": 2.3423762138073263, "112": 2.5855902708493748, "113": 1.7277912543370173, "114": 2.301790041801257, "115": 1.474204225417895, "116": 2.073083724731054, "117": 1.562372815914643, "118": 1.73900349629231, "119": 2.0632175971300173, "120": 2.0950198754286156, "121": 2.3290205124096994, "122": 1.9236336946487427, "123": 1.8349739068593733, "124": 1.9997981114265246, "125": 1.3124521603951087, "126": 1.9001442377383893, "127": 1.9774462106900337, "128": 2.4973550056799865, "129": 1.906328647564619, "130": 1.8604759100155952, "131": 1.861318799165579, "132": 1.5076290796964595, "133": 1.6455540565344005, "134": 2.0246930794838147, "135": 1.398932077945807, "136": 1.7398291000953088, "137": 1.6146671772003174, "138": 1.6167681049077938, "139": 1.2281030416488647, "140": 1.5705277018057995, "141": 1.7296292384465535, "142": 1.399467605810899, "143": 1.6976265907287598, "144": 1.3425112320826604, "145": 1.5797373423209558, "146": 1.2289121319086125, "147": 1.4988005742048607, "148": 1.3650154914611425, "149": 1.4124430066499956, "150": 1.9858711316035345, "151": 1.4093243922942724, "152": 1.1687654226254194, "153": 2.3086724984340177, "154": 1.339825737170684, "155": 1.5090020772738335, "156": 1.1360573783898964, "157": 1.1813302208215763, "158": 1.348620205353468, "159": 1.8842413364312587, "160": 2.080401952450092, "161": 2.117056965827942, "162": 2.554294445575812, "163": 1.7005337874094646, "164": 2.399254242579142, "165": 1.3307058627788837}