{"0": 0.278846154610316, "1": 0.2532051289692903, "2": 0.23397435859227791, "3": 0.2435897428255815, "4": 0.2564102564102564, "5": 0.24038461462045327, "6": 0.23717948717948717, "7": 0.2596153853795467, "8": 0.24358974320766252, "9": 0.23717948679740614, "10": 0.25961538461538464, "11": 0.23717948717948717, "12": 0.25, "13": 0.2564102564102564, "14": 0.22756410294618362, "15": 0.2467948725590339, "16": 0.2564102571744185, "17": 0.25641025602817535, "18": 0.24358974320766252, "19": 0.23076923038714972, "20": 0.23397435821019685, "21": 0.24679487103070968, "22": 0.2403846153846154, "23": 0.2403846153846154, "24": 0.24679487103070968, "25": 0.24038461500253433, "26": 0.2403846153846154, "27": 0.24038461462045327, "28": 0.23397435821019685, "29": 0.23076923000506866, "30": 0.24999999923583788, "31": 0.23717948717948717, "32": 0.23397435897435898, "33": 0.2403846153846154, "34": 0.23397435897435898, "35": 0.2500000007641621, "36": 0.25, "37": 0.26923076999493134, "38": 0.2435897428255815, "39": 0.23717948717948717, "40": 0.2403846153846154, "41": 0.23717948717948717, "42": 0.24038461614877749, "43": 0.2532051282051282, "44": 0.23397435897435898, "45": 0.2467948717948718, "46": 0.23076923076923078, "47": 0.24358974358974358, "48": 0.2596153838512225, "49": 0.25, "50": 0.2467948725590339, "51": 0.25641025602817535, "52": 0.24358974358974358, "53": 0.24038461462045327, "54": 0.23717948641532507, "55": 0.24358974397182465, "56": 0.24679487103070968, "57": 0.2596153838512225, "58": 0.24999999923583788, "59": 0.2532051289692903, "60": 0.27884615384615385, "61": 0.2628205120563507, "62": 0.2692307684666071, "63": 0.23397435859227791, "64": 0.23717948641532507, "65": 0.27884615308199173, "66": 0.26282051358467495, "67": 0.27243589667173534, "68": 0.2628205120563507, "69": 0.2532051289692903, "70": 0.26282051282051283, "71": 0.2692307692307692, "72": 0.27564102640518773, "73": 0.24358974320766252, "74": 0.2564102564102564, "75": 0.25, "76": 0.2532051289692903, "77": 0.2660256402614789, "78": 0.2435897428255815, "79": 0.27564102640518773, "80": 0.2692307688486882, "81": 0.26282051243843174, "82": 0.2660256402614789, "83": 0.28205128205128205, "84": 0.27564102487686354, "85": 0.29166666743082875, "86": 0.30128205128205127, "87": 0.29807692231276095, "88": 0.2980769230769231, "89": 0.29807692231276095, "90": 0.29166666743082875, "91": 0.310897436661598, "92": 0.27564102487686354, "93": 0.28525641025641024, "94": 0.282051281669201, "95": 0.28846153922570056, "96": 0.27884615384615385, "97": 0.2596153838512225, "98": 0.27564102564102566, "99": 0.27243589667173534, "100": 0.24038461500253433, "101": 0.2596153838512225, "102": 0.2692307684666071, "103": 0.294871795635957, "104": 0.2948717948717949, "105": 0.28846153769737637, "106": 0.2564102564102564, "107": 0.2692307684666071, "108": 0.27884615384615385, "109": 0.2628205120563507, "110": 0.2564102556460943, "111": 0.2467948725590339, "112": 0.25320512744096607, "113": 0.2916666662845856, "114": 0.25641025602817535, "115": 0.3076923076923077, "116": 0.27243589820005953, "117": 0.30128205128205127, "118": 0.27564102564102566, "119": 0.26602564178980315, "120": 0.30769230845646983, "121": 0.26282051282051283, "122": 0.27564102564102566, "123": 0.28525641102057236, "124": 0.2692307692307692, "125": 0.3012820520462134, "126": 0.30128205051788914, "127": 0.278846154610316, "128": 0.27564102640518773, "129": 0.3044871787230174, "130": 0.29166666743082875, "131": 0.2820512812871199, "132": 0.28525641025641024, "133": 0.29487179410763276, "134": 0.294871795635957, "135": 0.3269230769230769, "136": 0.3173076930718544, "137": 0.30448717948717946, "138": 0.330128204364043, "139": 0.2980769230769231, "140": 0.3269230761589148, "141": 0.3205128212769826, "142": 0.33653846230262363, "143": 0.3269230769230769, "144": 0.3173076923076923, "145": 0.32051282051282054, "146": 0.3205128197486584, "147": 0.33333333409749544, "148": 0.3269230769230769, "149": 0.310897436661598, "150": 0.29807692269484204, "151": 0.29487179410763276, "152": 0.29807692231276095, "153": 0.30128205128205127, "154": 0.310897436661598, "155": 0.3012820520462134, "156": 0.3269230761589148, "157": 0.32692307768723905, "158": 0.33012820589236724, "159": 0.29807692231276095, "160": 0.30769230845646983, "161": 0.29166666590250456, "162": 0.3044871802513416, "163": 0.31730769154353017, "164": 0.30128205128205127, "165": 0.3205128197486584}